{"cameraMode":{"drawMode":0,"name":"Shaded","section":"Shading Mode"},"sceneLighting":false,"audioPlay":false,"sceneViewState":{"showFog":true,"showMaterialUpdate":false,"showSkybox":false,"showFlares":true,"showImageEffects":true,"showParticleSystems":true},"in2DMode":false,"pivot":{"x":0.2952499985694885,"y":1.3329999446868897,"z":-1.489999771118164},"rotation":{"x":0.12441989779472351,"y":-0.6848444938659668,"z":0.12038026750087738,"w":0.7078261971473694},"size":0.8356120586395264,"orthographic":false}